{"cameraMode":{"drawMode":0,"name":"Shaded","section":"Shading Mode"},"sceneLighting":true,"audioPlay":false,"sceneViewState":{"m_AlwaysRefresh":false,"showFog":true,"showSkybox":true,"showFlares":true,"showImageEffects":true,"showParticleSystems":true,"showVisualEffectGraphs":true,"m_FxEnabled":false},"in2DMode":false,"pivot":{"x":-11.569664001464844,"y":-10.208101272583008,"z":-62.288658142089847},"rotation":{"x":-0.09729514271020889,"y":-0.841407060623169,"z":0.19768258929252625,"w":-0.49521273374557497},"size":23.514328002929689,"orthographic":false}