{"cameraMode":{"drawMode":0,"name":"Shaded","section":"Shading Mode"},"sceneLighting":true,"audioPlay":false,"sceneViewState":{"m_AlwaysRefresh":false,"showFog":true,"showSkybox":true,"showFlares":true,"showImageEffects":true,"showParticleSystems":true,"showVisualEffectGraphs":true,"m_FxEnabled":false},"in2DMode":false,"pivot":{"x":27.274559020996095,"y":-28.682920455932618,"z":65.5774154663086},"rotation":{"x":0.24103768169879914,"y":0.12869033217430116,"z":-0.041861049830913547,"w":0.9614949226379395},"size":44.77443313598633,"orthographic":false}