{"cameraMode":{"drawMode":0,"name":"Shaded","section":"Shading Mode"},"sceneLighting":true,"audioPlay":false,"sceneViewState":{"m_AlwaysRefresh":false,"showFog":true,"showSkybox":true,"showFlares":true,"showImageEffects":true,"showParticleSystems":true,"showVisualEffectGraphs":true,"m_FxEnabled":false},"in2DMode":false,"pivot":{"x":13.858990669250489,"y":-1.9870893955230713,"z":72.48206329345703},"rotation":{"x":0.09389618784189224,"y":-0.008082659915089608,"z":-0.00977816991508007,"w":0.9962360262870789},"size":12.12435531616211,"orthographic":false}