{"cameraMode":{"drawMode":0,"name":"Shaded","section":"Shading Mode"},"sceneLighting":true,"audioPlay":false,"sceneViewState":{"m_AlwaysRefresh":false,"showFog":true,"showSkybox":true,"showFlares":true,"showImageEffects":true,"showParticleSystems":true,"showVisualEffectGraphs":true,"m_FxEnabled":true},"in2DMode":false,"pivot":{"x":0.059198856353759769,"y":2.2842893600463869,"z":-1.5703744888305665},"rotation":{"x":-0.06646940112113953,"y":0.9202934503555298,"z":-0.17919579148292542,"w":-0.34136584401130679},"size":5.407395362854004,"orthographic":false}